{
  "train_history": [],
  "val_history": [
    {
      "pjpe": [
        {
          "nose": 1047.017578125,
          "left_eye": 1567.20703125,
          "right_eye": 1458.989013671875,
          "left_ear": 1880.5859375,
          "right_ear": 2548.97900390625,
          "left_shoulder": 2005.7716064453125,
          "right_shoulder": 1651.55712890625,
          "left_elbow": 1961.8511962890625,
          "right_elbow": 2302.5361328125,
          "left_wrist": 1767.0595703125,
          "right_wrist": 1718.013671875,
          "left_hip": 2989.938720703125,
          "right_hip": 2577.682861328125
        }
      ],
      "mpjpe": 1960.9183073043823,
      "activities_mpjpe": [],
      "activity_macro_mpjpe": null
    },
    {
      "pjpe": [
        {
          "nose": 44.5452995300293,
          "left_eye": 43.009857177734375,
          "right_eye": 43.81275177001953,
          "left_ear": 38.834468841552734,
          "right_ear": 39.96427917480469,
          "left_shoulder": 10.55756664276123,
          "right_shoulder": 10.535919189453125,
          "left_elbow": 84.158935546875,
          "right_elbow": 81.16636657714844,
          "left_wrist": 131.26651000976562,
          "right_wrist": 140.92137145996094,
          "left_hip": 77.17859649658203,
          "right_hip": 76.24824523925781
        }
      ],
      "mpjpe": 63.28820437192917,
      "activities_mpjpe": [],
      "activity_macro_mpjpe": null
    },
    {
      "pjpe": [
        {
          "nose": 44.87145233154297,
          "left_eye": 44.56769943237305,
          "right_eye": 44.26656723022461,
          "left_ear": 39.04063034057617,
          "right_ear": 37.832401275634766,
          "left_shoulder": 10.5580472946167,
          "right_shoulder": 10.550439834594727,
          "left_elbow": 77.60210418701172,
          "right_elbow": 79.78240203857422,
          "left_wrist": 121.43167114257812,
          "right_wrist": 135.46054077148438,
          "left_hip": 76.67879486083984,
          "right_hip": 75.52196502685547
        }
      ],
      "mpjpe": 61.43822520971298,
      "activities_mpjpe": [],
      "activity_macro_mpjpe": null
    },
    {
      "pjpe": [
        {
          "nose": 41.034812927246094,
          "left_eye": 40.39393615722656,
          "right_eye": 41.42502212524414,
          "left_ear": 36.748329162597656,
          "right_ear": 37.82399368286133,
          "left_shoulder": 10.753251075744629,
          "right_shoulder": 10.75252628326416,
          "left_elbow": 77.94194793701172,
          "right_elbow": 77.580810546875,
          "left_wrist": 120.42723846435547,
          "right_wrist": 134.8980712890625,
          "left_hip": 76.48463439941406,
          "right_hip": 75.9860610961914
        }
      ],
      "mpjpe": 60.21216884255409,
      "activities_mpjpe": [],
      "activity_macro_mpjpe": null
    },
    {
      "pjpe": [
        {
          "nose": 43.50742721557617,
          "left_eye": 42.651268005371094,
          "right_eye": 43.612274169921875,
          "left_ear": 37.740570068359375,
          "right_ear": 39.16701889038086,
          "left_shoulder": 10.743314743041992,
          "right_shoulder": 10.74008846282959,
          "left_elbow": 73.5763168334961,
          "right_elbow": 78.75342559814453,
          "left_wrist": 116.9576416015625,
          "right_wrist": 128.16297912597656,
          "left_hip": 78.09786224365234,
          "right_hip": 77.92050170898438
        }
      ],
      "mpjpe": 60.16441807150841,
      "activities_mpjpe": [],
      "activity_macro_mpjpe": null
    },
    {
      "pjpe": [
        {
          "nose": 42.6686897277832,
          "left_eye": 42.9397087097168,
          "right_eye": 43.43454360961914,
          "left_ear": 39.58951950073242,
          "right_ear": 39.63801574707031,
          "left_shoulder": 10.775306701660156,
          "right_shoulder": 10.774442672729492,
          "left_elbow": 74.98436737060547,
          "right_elbow": 82.24241638183594,
          "left_wrist": 121.06460571289062,
          "right_wrist": 142.21446228027344,
          "left_hip": 78.7095718383789,
          "right_hip": 80.50724029541016
        }
      ],
      "mpjpe": 62.31148913502693,
      "activities_mpjpe": [],
      "activity_macro_mpjpe": null
    },
    {
      "pjpe": [
        {
          "nose": 41.85696792602539,
          "left_eye": 41.4676628112793,
          "right_eye": 42.434783935546875,
          "left_ear": 37.68914794921875,
          "right_ear": 39.097496032714844,
          "left_shoulder": 10.859703063964844,
          "right_shoulder": 10.858379364013672,
          "left_elbow": 73.7435531616211,
          "right_elbow": 81.15682983398438,
          "left_wrist": 115.35179901123047,
          "right_wrist": 137.67617797851562,
          "left_hip": 78.86997985839844,
          "right_hip": 79.2234878540039
        }
      ],
      "mpjpe": 60.829631984233856,
      "activities_mpjpe": [],
      "activity_macro_mpjpe": null
    },
    {
      "pjpe": [
        {
          "nose": 41.556007385253906,
          "left_eye": 40.87916946411133,
          "right_eye": 42.17525863647461,
          "left_ear": 37.08049392700195,
          "right_ear": 39.50913619995117,
          "left_shoulder": 10.607876777648926,
          "right_shoulder": 10.609650611877441,
          "left_elbow": 72.54365539550781,
          "right_elbow": 76.34561920166016,
          "left_wrist": 114.42198944091797,
          "right_wrist": 128.92713928222656,
          "left_hip": 78.7384033203125,
          "right_hip": 77.4998779296875
        }
      ],
      "mpjpe": 59.33789536356926,
      "activities_mpjpe": [],
      "activity_macro_mpjpe": null
    },
    {
      "pjpe": [
        {
          "nose": 42.314414978027344,
          "left_eye": 41.65255355834961,
          "right_eye": 42.882930755615234,
          "left_ear": 37.39952087402344,
          "right_ear": 39.632503509521484,
          "left_shoulder": 10.705499649047852,
          "right_shoulder": 10.70479679107666,
          "left_elbow": 74.09000396728516,
          "right_elbow": 77.91026306152344,
          "left_wrist": 115.75337982177734,
          "right_wrist": 132.58128356933594,
          "left_hip": 80.48558044433594,
          "right_hip": 81.08180236816406
        }
      ],
      "mpjpe": 60.592010617256165,
      "activities_mpjpe": [],
      "activity_macro_mpjpe": null
    },
    {
      "pjpe": [
        {
          "nose": 40.6328239440918,
          "left_eye": 39.8912353515625,
          "right_eye": 41.058441162109375,
          "left_ear": 36.299163818359375,
          "right_ear": 38.37793731689453,
          "left_shoulder": 10.642065048217773,
          "right_shoulder": 10.639568328857422,
          "left_elbow": 71.56916046142578,
          "right_elbow": 82.21636199951172,
          "left_wrist": 112.83349609375,
          "right_wrist": 136.5933380126953,
          "left_hip": 78.98617553710938,
          "right_hip": 78.15542602539062
        }
      ],
      "mpjpe": 59.87637862563133,
      "activities_mpjpe": [],
      "activity_macro_mpjpe": null
    },
    {
      "pjpe": [
        {
          "nose": 44.418033599853516,
          "left_eye": 43.41085433959961,
          "right_eye": 44.95598602294922,
          "left_ear": 38.40074157714844,
          "right_ear": 41.41236877441406,
          "left_shoulder": 10.578384399414062,
          "right_shoulder": 10.577156066894531,
          "left_elbow": 74.13653564453125,
          "right_elbow": 81.630126953125,
          "left_wrist": 116.32035827636719,
          "right_wrist": 138.35195922851562,
          "left_hip": 81.28437805175781,
          "right_hip": 80.25332641601562
        }
      ],
      "mpjpe": 62.01757863163948,
      "activities_mpjpe": [],
      "activity_macro_mpjpe": null
    },
    {
      "pjpe": [
        {
          "nose": 41.88055419921875,
          "left_eye": 41.16655731201172,