{
  "train_history": [],
  "val_history": [
    {
      "pjpe": [
        {
          "nose": 3967.444580078125,
          "left_eye": 2925.528564453125,
          "right_eye": 2873.38232421875,
          "left_ear": 1910.50341796875,
          "right_ear": 2513.11181640625,
          "left_shoulder": 3287.04931640625,
          "right_shoulder": 2419.606689453125,
          "left_elbow": 1907.9078369140625,
          "right_elbow": 1211.706787109375,
          "left_wrist": 929.294677734375,
          "right_wrist": 2714.281494140625,
          "left_hip": 2411.888671875,
          "right_hip": 2784.185302734375
        }
      ],
      "mpjpe": 2452.867031097412,
      "activities_mpjpe": [],
      "activity_macro_mpjpe": null
    },
    {
      "pjpe": [
        {
          "nose": 43.9788818359375,
          "left_eye": 41.1126708984375,
          "right_eye": 44.012176513671875,
          "left_ear": 42.36215591430664,
          "right_ear": 33.857730865478516,
          "left_shoulder": 8.760669708251953,
          "right_shoulder": 7.303139686584473,
          "left_elbow": 71.96198272705078,
          "right_elbow": 67.82691955566406,
          "left_wrist": 73.97769927978516,
          "right_wrist": 68.3580551147461,
          "left_hip": 69.68568420410156,
          "right_hip": 55.8353271484375
        }
      ],
      "mpjpe": 48.43548312783241,
      "activities_mpjpe": [],
      "activity_macro_mpjpe": null
    },
    {
      "pjpe": [
        {
          "nose": 37.82611846923828,
          "left_eye": 33.2284049987793,
          "right_eye": 34.159610748291016,
          "left_ear": 27.41268539428711,
          "right_ear": 30.066102981567383,
          "left_shoulder": 5.851734638214111,
          "right_shoulder": 5.82988166809082,
          "left_elbow": 56.09861755371094,
          "right_elbow": 56.29875946044922,
          "left_wrist": 57.77323532104492,
          "right_wrist": 57.854026794433594,
          "left_hip": 57.28858184814453,
          "right_hip": 52.7928352355957
        }
      ],
      "mpjpe": 39.45908695459366,
      "activities_mpjpe": [],
      "activity_macro_mpjpe": null
    },
    {
      "pjpe": [
        {
          "nose": 33.4858283996582,
          "left_eye": 29.75670051574707,
          "right_eye": 30.56778907775879,
          "left_ear": 25.992769241333008,
          "right_ear": 27.839326858520508,
          "left_shoulder": 5.254000186920166,
          "right_shoulder": 5.245825290679932,
          "left_elbow": 51.61711883544922,
          "right_elbow": 51.027156829833984,
          "left_wrist": 53.521263122558594,
          "right_wrist": 52.070186614990234,
          "left_hip": 50.85247039794922,
          "right_hip": 42.84221649169922
        }
      ],
      "mpjpe": 35.424571484327316,
      "activities_mpjpe": [],
      "activity_macro_mpjpe": null
    },
    {
      "pjpe": [
        {
          "nose": 30.921907424926758,
          "left_eye": 27.188732147216797,
          "right_eye": 28.007801055908203,
          "left_ear": 24.197460174560547,
          "right_ear": 28.107532501220703,
          "left_shoulder": 5.809929847717285,
          "right_shoulder": 5.81236457824707,
          "left_elbow": 45.49384689331055,
          "right_elbow": 46.921730041503906,
          "left_wrist": 48.96360778808594,
          "right_wrist": 51.030311584472656,
          "left_hip": 47.58523941040039,
          "right_hip": 43.457275390625
        }
      ],
      "mpjpe": 33.37913751602173,
      "activities_mpjpe": [],
      "activity_macro_mpjpe": null
    },
    {
      "pjpe": [
        {
          "nose": 28.458032608032227,
          "left_eye": 27.331951141357422,
          "right_eye": 26.9583740234375,
          "left_ear": 26.390344619750977,
          "right_ear": 26.94600486755371,
          "left_shoulder": 5.681047439575195,
          "right_shoulder": 6.632742881774902,
          "left_elbow": 43.66447067260742,
          "right_elbow": 46.37950134277344,
          "left_wrist": 47.64474868774414,
          "right_wrist": 47.757164001464844,
          "left_hip": 47.20505905151367,
          "right_hip": 44.35783767700195
        }
      ],
      "mpjpe": 32.75590017437935,
      "activities_mpjpe": [],
      "activity_macro_mpjpe": null
    },
    {
      "pjpe": [
        {
          "nose": 32.38288497924805,
          "left_eye": 30.295656204223633,
          "right_eye": 30.448543548583984,
          "left_ear": 28.38088035583496,
          "right_ear": 28.20867156982422,
          "left_shoulder": 6.646262168884277,
          "right_shoulder": 6.7491536140441895,
          "left_elbow": 43.201148986816406,
          "right_elbow": 47.5959358215332,
          "left_wrist": 49.34459686279297,
          "right_wrist": 48.8891716003418,
          "left_hip": 47.95911407470703,
          "right_hip": 46.0594367980957
        }
      ],
      "mpjpe": 34.353602677583694,
      "activities_mpjpe": [],
      "activity_macro_mpjpe": null
    },
    {
      "pjpe": [
        {
          "nose": 27.97124481201172,
          "left_eye": 25.469017028808594,
          "right_eye": 26.010299682617188,
          "left_ear": 23.65460777282715,
          "right_ear": 26.80459213256836,
          "left_shoulder": 5.395448684692383,
          "right_shoulder": 5.311349391937256,
          "left_elbow": 42.0425910949707,
          "right_elbow": 45.557518005371094,
          "left_wrist": 46.04478454589844,
          "right_wrist": 46.78779602050781,
          "left_hip": 47.80309295654297,
          "right_hip": 44.216583251953125
        }
      ],
      "mpjpe": 31.805608421564102,
      "activities_mpjpe": [],
      "activity_macro_mpjpe": null
    },
    {
      "pjpe": [
        {
          "nose": 27.377674102783203,
          "left_eye": 25.281661987304688,
          "right_eye": 25.70049476623535,
          "left_ear": 24.588315963745117,
          "right_ear": 25.386016845703125,
          "left_shoulder": 4.841479301452637,
          "right_shoulder": 4.785424709320068,
          "left_elbow": 42.70100784301758,
          "right_elbow": 44.91707229614258,
          "left_wrist": 47.768531799316406,
          "right_wrist": 48.23867416381836,
          "left_hip": 48.65922164916992,
          "right_hip": 45.290313720703125
        }
      ],
      "mpjpe": 31.99680522084236,
      "activities_mpjpe": [],
      "activity_macro_mpjpe": null
    },
    {
      "pjpe": [
        {
          "nose": 26.798778533935547,
          "left_eye": 26.105737686157227,
          "right_eye": 25.124528884887695,
          "left_ear": 25.747255325317383,
          "right_ear": 23.784313201904297,
          "left_shoulder": 5.264782428741455,
          "right_shoulder": 5.296041488647461,
          "left_elbow": 39.619266510009766,
          "right_elbow": 43.8780632019043,
          "left_wrist": 44.28398513793945,
          "right_wrist": 44.4211540222168,
          "left_hip": 43.89337921142578,
          "right_hip": 42.430076599121094
        }
      ],
      "mpjpe": 30.542902648448944,
      "activities_mpjpe": [],
      "activity_macro_mpjpe": null
    },
    {
      "pjpe": [
        {
          "nose": 27.952245712280273,
          "left_eye": 26.82758331298828,
          "right_eye": 26.40631103515625,
          "left_ear": 24.972497940063477,
          "right_ear": 25.11005973815918,
          "left_shoulder": 5.508042335510254,
          "right_shoulder": 5.5586419105529785,
          "left_elbow": 40.66122817993164,
          "right_elbow": 42.56898880004883,
          "left_wrist": 45.64180374145508,
          "right_wrist": 45.792335510253906,
          "left_hip": 45.279476165771484,
          "right_hip": 42.0896110534668
        }
      ],
      "mpjpe": 31.137138605117798,
      "activities_mpjpe": [],
      "activity_macro_mpjpe": null
    },
    {
      "pjpe": [
        {
          "nose": 27.45621681213379,
          "left_eye": 25.81267738342285,