{
  "train_history": [],
  "val_history": [
    {
      "pjpe": [
        {
          "nose": 4427.6630859375,
          "left_eye": 2681.148681640625,
          "right_eye": 2725.574462890625,
          "left_ear": 1878.2052001953125,
          "right_ear": 2455.54443359375,
          "left_shoulder": 3528.468017578125,
          "right_shoulder": 2152.58984375,
          "left_elbow": 1691.5169677734375,
          "right_elbow": 903.0399780273438,
          "left_wrist": 855.7689819335938,
          "right_wrist": 2854.78369140625,
          "left_hip": 2107.6513671875,
          "right_hip": 3074.91357421875
        }
      ],
      "mpjpe": 2410.5277061462402,
      "activities_mpjpe": [],
      "activity_macro_mpjpe": null
    },
    {
      "pjpe": [
        {
          "nose": 51.656517028808594,
          "left_eye": 53.10371017456055,
          "right_eye": 49.24299240112305,
          "left_ear": 42.45107650756836,
          "right_ear": 37.61484146118164,
          "left_shoulder": 11.462496757507324,
          "right_shoulder": 12.041881561279297,
          "left_elbow": 95.56845092773438,
          "right_elbow": 81.1004867553711,
          "left_wrist": 94.64460754394531,
          "right_wrist": 71.13694763183594,
          "left_hip": 70.86319732666016,
          "right_hip": 74.55245208740234
        }
      ],
      "mpjpe": 57.34151974320412,
      "activities_mpjpe": [],
      "activity_macro_mpjpe": null
    },
    {
      "pjpe": [
        {
          "nose": 38.54195785522461,
          "left_eye": 34.49701690673828,
          "right_eye": 34.81902313232422,
          "left_ear": 33.00214385986328,
          "right_ear": 33.237030029296875,
          "left_shoulder": 9.727923393249512,
          "right_shoulder": 9.49484920501709,
          "left_elbow": 71.88352966308594,
          "right_elbow": 73.43805694580078,
          "left_wrist": 65.99386596679688,
          "right_wrist": 54.296207427978516,
          "left_hip": 50.65972137451172,
          "right_hip": 45.240604400634766
        }
      ],
      "mpjpe": 42.67937317490578,
      "activities_mpjpe": [],
      "activity_macro_mpjpe": null
    },
    {
      "pjpe": [
        {
          "nose": 36.479393005371094,
          "left_eye": 33.45713806152344,
          "right_eye": 33.75001525878906,
          "left_ear": 31.4866943359375,
          "right_ear": 30.820533752441406,
          "left_shoulder": 8.47535514831543,
          "right_shoulder": 8.450228691101074,
          "left_elbow": 69.27665710449219,
          "right_elbow": 68.8209457397461,
          "left_wrist": 63.983707427978516,
          "right_wrist": 55.29362869262695,
          "left_hip": 51.47560501098633,
          "right_hip": 44.49113845825195
        }
      ],
      "mpjpe": 41.25082865357399,
      "activities_mpjpe": [],
      "activity_macro_mpjpe": null
    },
    {
      "pjpe": [
        {
          "nose": 34.31550598144531,
          "left_eye": 30.756383895874023,
          "right_eye": 31.455989837646484,
          "left_ear": 31.17571449279785,
          "right_ear": 31.785808563232422,
          "left_shoulder": 8.843137741088867,
          "right_shoulder": 8.859566688537598,
          "left_elbow": 66.80266571044922,
          "right_elbow": 68.52604675292969,
          "left_wrist": 58.94206237792969,
          "right_wrist": 53.441551208496094,
          "left_hip": 49.07318878173828,
          "right_hip": 45.50764846801758
        }
      ],
      "mpjpe": 39.96039927005768,
      "activities_mpjpe": [],
      "activity_macro_mpjpe": null
    },
    {
      "pjpe": [
        {
          "nose": 32.085147857666016,
          "left_eye": 29.59268569946289,
          "right_eye": 29.33983039855957,
          "left_ear": 29.949657440185547,
          "right_ear": 27.899072647094727,
          "left_shoulder": 6.4967217445373535,
          "right_shoulder": 8.343343734741211,
          "left_elbow": 65.13661193847656,
          "right_elbow": 66.95227813720703,
          "left_wrist": 58.22438049316406,
          "right_wrist": 50.64330291748047,
          "left_hip": 47.20549774169922,
          "right_hip": 44.735511779785156
        }
      ],
      "mpjpe": 38.20030391216278,
      "activities_mpjpe": [],
      "activity_macro_mpjpe": null
    },
    {
      "pjpe": [
        {
          "nose": 33.1364860534668,
          "left_eye": 31.258146286010742,
          "right_eye": 30.626522064208984,
          "left_ear": 32.69259262084961,
          "right_ear": 29.20827293395996,
          "left_shoulder": 8.138190269470215,
          "right_shoulder": 8.859992027282715,
          "left_elbow": 63.794517517089844,
          "right_elbow": 69.5213851928711,
          "left_wrist": 58.60266876220703,
          "right_wrist": 50.983917236328125,
          "left_hip": 47.2223014831543,
          "right_hip": 45.39032745361328
        }
      ],
      "mpjpe": 39.187341928482056,
      "activities_mpjpe": [],
      "activity_macro_mpjpe": null
    },
    {
      "pjpe": [
        {
          "nose": 31.568885803222656,
          "left_eye": 29.83991813659668,
          "right_eye": 29.717884063720703,
          "left_ear": 30.348934173583984,
          "right_ear": 28.88751792907715,
          "left_shoulder": 7.572010040283203,
          "right_shoulder": 7.607895851135254,
          "left_elbow": 62.670528411865234,
          "right_elbow": 66.9520034790039,
          "left_wrist": 56.811767578125,
          "right_wrist": 49.13428497314453,
          "left_hip": 46.747867584228516,
          "right_hip": 43.93632888793945
        }
      ],
      "mpjpe": 37.8304198384285,
      "activities_mpjpe": [],
      "activity_macro_mpjpe": null
    },
    {
      "pjpe": [
        {
          "nose": 31.077613830566406,
          "left_eye": 29.135168075561523,
          "right_eye": 28.858022689819336,
          "left_ear": 30.759618759155273,
          "right_ear": 27.848134994506836,
          "left_shoulder": 8.091346740722656,
          "right_shoulder": 8.069108963012695,
          "left_elbow": 63.31953430175781,
          "right_elbow": 65.42643737792969,
          "left_wrist": 56.86787414550781,
          "right_wrist": 49.393959045410156,
          "left_hip": 45.12715148925781,
          "right_hip": 43.78179168701172
        }
      ],
      "mpjpe": 37.51968592405319,
      "activities_mpjpe": [],
      "activity_macro_mpjpe": null
    },
    {
      "pjpe": [
        {
          "nose": 31.898393630981445,
          "left_eye": 31.18076515197754,
          "right_eye": 29.422605514526367,
          "left_ear": 33.88288497924805,
          "right_ear": 27.57254981994629,
          "left_shoulder": 7.508648872375488,
          "right_shoulder": 7.565525531768799,
          "left_elbow": 63.28695297241211,
          "right_elbow": 66.67024993896484,
          "left_wrist": 56.524356842041016,
          "right_wrist": 48.51503372192383,
          "left_hip": 45.116943359375,
          "right_hip": 42.112918853759766
        }
      ],
      "mpjpe": 37.78907284140587,
      "activities_mpjpe": [],
      "activity_macro_mpjpe": null
    },
    {
      "pjpe": [
        {
          "nose": 32.43935012817383,
          "left_eye": 30.93914794921875,
          "right_eye": 29.79481315612793,
          "left_ear": 31.992305755615234,
          "right_ear": 27.62510108947754,
          "left_shoulder": 7.714605808258057,
          "right_shoulder": 7.7374677658081055,
          "left_elbow": 62.731014251708984,
          "right_elbow": 64.8843765258789,
          "left_wrist": 56.067771911621094,
          "right_wrist": 49.00613784790039,
          "left_hip": 44.83029556274414,
          "right_hip": 43.008583068847656
        }
      ],
      "mpjpe": 37.59777545928955,
      "activities_mpjpe": [],
      "activity_macro_mpjpe": null
    },
    {
      "pjpe": [
        {
          "nose": 31.055355072021484,
          "left_eye": 29.56357192993164,