{
  "train_history": [],
  "val_history": [
    {
      "pjpe": [
        {
          "nose": 175.5069122314453,
          "left_eye": 147.32701110839844,
          "right_eye": 168.2931671142578,
          "left_ear": 24.285564422607422,
          "right_ear": 128.7830047607422,
          "left_shoulder": 21.828872680664062,
          "right_shoulder": 22.76445770263672,
          "left_elbow": 126.83372497558594,
          "right_elbow": 110.93273162841797,
          "left_wrist": 207.17770385742188,
          "right_wrist": 350.8078308105469,
          "left_hip": 151.6366424560547,
          "right_hip": 146.35452270507812
        }
      ],
      "mpjpe": 166.02404415607452,
      "activities_mpjpe": [
        {
          "sitting_still": 166.02404415607452
        }
      ],
      "activity_macro_mpjpe": 166.02405905723572
    },
    {
      "pjpe": [
        {
          "nose": 61.07965087890625,
          "left_eye": 55.64690017700195,
          "right_eye": 58.08696746826172,
          "left_ear": 12.208410263061523,
          "right_ear": 57.371585845947266,
          "left_shoulder": 14.223027229309082,
          "right_shoulder": 14.491961479187012,
          "left_elbow": 63.83063507080078,
          "right_elbow": 70.50945281982422,
          "left_wrist": 69.69322204589844,
          "right_wrist": 95.64055633544922,
          "left_hip": 69.74492645263672,
          "right_hip": 61.59342956542969
        }
      ],
      "mpjpe": 69.33395564556122,
      "activities_mpjpe": [
        {
          "sitting_still": 69.33395564556122
        }
      ],
      "activity_macro_mpjpe": 69.33394819498062
    },
    {
      "pjpe": [
        {
          "nose": 60.72702407836914,
          "left_eye": 54.27372360229492,
          "right_eye": 54.57376480102539,
          "left_ear": 12.97791576385498,
          "right_ear": 55.51249694824219,
          "left_shoulder": 14.0702486038208,
          "right_shoulder": 15.846809387207031,
          "left_elbow": 64.66007995605469,
          "right_elbow": 71.57984924316406,
          "left_wrist": 70.46798706054688,
          "right_wrist": 89.77637481689453,
          "left_hip": 72.11173248291016,
          "right_hip": 61.553192138671875
        }
      ],
      "mpjpe": 68.84754449129105,
      "activities_mpjpe": [
        {
          "sitting_still": 68.84754449129105
        }
      ],
      "activity_macro_mpjpe": 68.84755194187164
    },
    {
      "pjpe": [
        {
          "nose": 59.268714904785156,
          "left_eye": 53.429542541503906,
          "right_eye": 57.7018928527832,
          "left_ear": 11.83098316192627,
          "right_ear": 61.74418640136719,
          "left_shoulder": 14.04745864868164,
          "right_shoulder": 16.51299476623535,
          "left_elbow": 64.3397216796875,
          "right_elbow": 70.6151351928711,
          "left_wrist": 69.712646484375,
          "right_wrist": 90.12810516357422,
          "left_hip": 70.9808349609375,
          "right_hip": 63.27547836303711
        }
      ],
      "mpjpe": 69.58625465631485,
      "activities_mpjpe": [
        {
          "sitting_still": 69.58625465631485
        }
      ],
      "activity_macro_mpjpe": 69.58625465631485
    },
    {
      "pjpe": [
        {
          "nose": 57.20347213745117,
          "left_eye": 50.3243293762207,
          "right_eye": 54.69379425048828,
          "left_ear": 11.610548973083496,
          "right_ear": 56.47042465209961,
          "left_shoulder": 13.74591064453125,
          "right_shoulder": 14.988422393798828,
          "left_elbow": 65.4007339477539,
          "right_elbow": 70.24779510498047,
          "left_wrist": 68.74425506591797,
          "right_wrist": 89.7106704711914,
          "left_hip": 70.75733947753906,
          "right_hip": 63.92853546142578
        }
      ],
      "mpjpe": 68.04291158914566,
      "activities_mpjpe": [
        {
          "sitting_still": 68.04291158914566
        }
      ],
      "activity_macro_mpjpe": 68.04290413856506
    },
    {
      "pjpe": [
        {
          "nose": 60.76253128051758,
          "left_eye": 54.2436408996582,
          "right_eye": 57.38630294799805,
          "left_ear": 11.633476257324219,
          "right_ear": 57.73043441772461,
          "left_shoulder": 12.511490821838379,
          "right_shoulder": 14.796961784362793,
          "left_elbow": 63.68655014038086,
          "right_elbow": 70.12446594238281,
          "left_wrist": 67.43457794189453,
          "right_wrist": 88.3648452758789,
          "left_hip": 68.19627380371094,
          "right_hip": 61.952789306640625
        }
      ],
      "mpjpe": 68.19532066583633,
      "activities_mpjpe": [
        {
          "sitting_still": 68.19532066583633
        }
      ],
      "activity_macro_mpjpe": 68.19532066583633
    },
    {
      "pjpe": [
        {
          "nose": 53.933467864990234,
          "left_eye": 50.594600677490234,
          "right_eye": 52.39992141723633,
          "left_ear": 10.987615585327148,
          "right_ear": 56.21139144897461,
          "left_shoulder": 12.876253128051758,
          "right_shoulder": 13.52542781829834,
          "left_elbow": 63.78571701049805,
          "right_elbow": 69.19134521484375,
          "left_wrist": 69.82659912109375,
          "right_wrist": 86.73017883300781,
          "left_hip": 69.62776947021484,
          "right_hip": 61.898521423339844
        }
      ],
      "mpjpe": 66.68916344642639,
      "activities_mpjpe": [
        {
          "sitting_still": 66.68916344642639
        }
      ],
      "activity_macro_mpjpe": 66.68916344642639
    },
    {
      "pjpe": [
        {
          "nose": 57.94122314453125,
          "left_eye": 51.28327941894531,
          "right_eye": 54.805992126464844,
          "left_ear": 11.774660110473633,
          "right_ear": 55.80988693237305,
          "left_shoulder": 13.410394668579102,
          "right_shoulder": 14.257441520690918,
          "left_elbow": 65.01436614990234,
          "right_elbow": 70.04601287841797,
          "left_wrist": 68.97199249267578,
          "right_wrist": 92.24061584472656,
          "left_hip": 69.73290252685547,
          "right_hip": 61.72772216796875
        }
      ],
      "mpjpe": 67.99488514661789,
      "activities_mpjpe": [
        {
          "sitting_still": 67.99488514661789
        }
      ],
      "activity_macro_mpjpe": 67.99488514661789
    },
    {
      "pjpe": [
        {
          "nose": 52.97861862182617,
          "left_eye": 48.77507781982422,
          "right_eye": 49.915977478027344,
          "left_ear": 11.049477577209473,
          "right_ear": 52.897499084472656,
          "left_shoulder": 12.879376411437988,
          "right_shoulder": 13.464332580566406,
          "left_elbow": 61.32621383666992,
          "right_elbow": 67.09431457519531,
          "left_wrist": 65.83654022216797,
          "right_wrist": 86.80741119384766,
          "left_hip": 68.67041015625,
          "right_hip": 62.95988845825195
        }
      ],
      "mpjpe": 65.14307856559753,
      "activities_mpjpe": [
        {
          "sitting_still": 65.14307856559753
        }
      ],
      "activity_macro_mpjpe": 65.14308601617813
    },
    {
      "pjpe": [
        {
          "nose": 56.22194290161133,
          "left_eye": 50.776153564453125,
          "right_eye": 52.8878288269043,
          "left_ear": 11.439178466796875,
          "right_ear": 55.56917190551758,
          "left_shoulder": 13.455397605895996,
          "right_shoulder": 13.79177188873291,
          "left_elbow": 63.028099060058594,
          "right_elbow": 68.99417877197266,
          "left_wrist": 64.57352447509766,
          "right_wrist": 86.48257446289062,
          "left_hip": 67.89868927001953,
          "right_hip": 61.83076477050781
        }
      ],
      "mpjpe": 66.19426608085632,
      "activities_mpjpe": [
        {
          "sitting_still": 66.19426608085632
        }
      ],